{"Validation_RMSE": 83.48510786135763, "Validation_R^2": 0.43585181905709824}