{"Validation_RMSE": 74.79609363859086, "Validation_R^2": 0.5471722844561407}