{"Validation_RMSE": 78.20892735012033, "Validation_R^2": 0.5049058144861964}