{"Validation_RMSE": 72.67697602354494, "Validation_R^2": 0.5724677658426744, "Training_duration": 1.691502332687378, "Inference_latency": 0.0}