{"Validation_RMSE": 71.73998242004414, "Validation_R^2": 0.5834206876474557, "Training_duration": 1.869028091430664, "Inference_latency": 0.0}