{"Validation_RMSE": 75.8760979668985, "Validation_R^2": 0.5340008289762305}