{"Validation_accuracy": 0.43548387096774194, "Validation_f1": 0.4176160892143748, "Validation_precison": 0.42310419697099344, "Validation_recall": 0.43548387096774194}