{"Validation_accuracy": 0.4838709677419355, "Validation_f1": 0.48577826705620913, "Validation_precison": 0.48943911085751696, "Validation_recall": 0.4838709677419355}