{"Validation_accuracy": 0.46774193548387094, "Validation_f1": 0.4616681326110927, "Validation_precison": 0.4625171130315735, "Validation_recall": 0.46774193548387094}