{"Validation_accuracy": 0.4112903225806452, "Validation_f1": 0.38312592689383396, "Validation_precison": 0.38218038681748356, "Validation_recall": 0.4112903225806452}