{"Validation_RMSE": 78.60550044934666, "Validation_R^2": 0.49987214801533864}